CREATE DATABASE  IF NOT EXISTS `dbsales` /*!40100 DEFAULT CHARACTER SET utf8mb4 COLLATE utf8mb4_0900_ai_ci */ /*!80016 DEFAULT ENCRYPTION='N' */;
USE `dbsales`;
-- MySQL dump 10.13  Distrib 8.0.30, for Win64 (x86_64)
--
-- Host: localhost    Database: dbsales
-- ------------------------------------------------------
-- Server version	8.0.30

/*!40101 SET @OLD_CHARACTER_SET_CLIENT=@@CHARACTER_SET_CLIENT */;
/*!40101 SET @OLD_CHARACTER_SET_RESULTS=@@CHARACTER_SET_RESULTS */;
/*!40101 SET @OLD_COLLATION_CONNECTION=@@COLLATION_CONNECTION */;
/*!50503 SET NAMES utf8 */;
/*!40103 SET @OLD_TIME_ZONE=@@TIME_ZONE */;
/*!40103 SET TIME_ZONE='+00:00' */;
/*!40014 SET @OLD_UNIQUE_CHECKS=@@UNIQUE_CHECKS, UNIQUE_CHECKS=0 */;
/*!40014 SET @OLD_FOREIGN_KEY_CHECKS=@@FOREIGN_KEY_CHECKS, FOREIGN_KEY_CHECKS=0 */;
/*!40101 SET @OLD_SQL_MODE=@@SQL_MODE, SQL_MODE='NO_AUTO_VALUE_ON_ZERO' */;
/*!40111 SET @OLD_SQL_NOTES=@@SQL_NOTES, SQL_NOTES=0 */;

--
-- Table structure for table `bank`
--

DROP TABLE IF EXISTS `bank`;
/*!40101 SET @saved_cs_client     = @@character_set_client */;
/*!50503 SET character_set_client = utf8mb4 */;
CREATE TABLE `bank` (
  `BaID` int NOT NULL AUTO_INCREMENT,
  `BaName` varchar(45) NOT NULL,
  PRIMARY KEY (`BaID`),
  UNIQUE KEY `BaName_UNIQUE` (`BaName`)
) ENGINE=InnoDB AUTO_INCREMENT=50000037 DEFAULT CHARSET=utf8mb4 COLLATE=utf8mb4_0900_ai_ci;
/*!40101 SET character_set_client = @saved_cs_client */;

--
-- Dumping data for table `bank`
--

LOCK TABLES `bank` WRITE;
/*!40000 ALTER TABLE `bank` DISABLE KEYS */;
INSERT INTO `bank` VALUES (50000017,'CIMB Bank'),(50000015,'LandBank'),(50000001,'Metrobank'),(50000016,'PS Bank'),(50000010,'RCBC'),(50000024,'Security Bank'),(50000019,'True Bank'),(50000032,'Two bank'),(50000012,'UnionBank');
/*!40000 ALTER TABLE `bank` ENABLE KEYS */;
UNLOCK TABLES;

--
-- Table structure for table `business_info`
--

DROP TABLE IF EXISTS `business_info`;
/*!40101 SET @saved_cs_client     = @@character_set_client */;
/*!50503 SET character_set_client = utf8mb4 */;
CREATE TABLE `business_info` (
  `BuID` int NOT NULL AUTO_INCREMENT,
  `BuName` varchar(45) NOT NULL,
  `BuTIN` varchar(45) NOT NULL,
  `BuAddress` varchar(45) NOT NULL,
  `BuEmail` varchar(45) NOT NULL,
  `BuPhoneNumber` varchar(45) NOT NULL,
  PRIMARY KEY (`BuID`)
) ENGINE=InnoDB AUTO_INCREMENT=90010001 DEFAULT CHARSET=utf8mb4 COLLATE=utf8mb4_0900_ai_ci;
/*!40101 SET character_set_client = @saved_cs_client */;

--
-- Dumping data for table `business_info`
--

LOCK TABLES `business_info` WRITE;
/*!40000 ALTER TABLE `business_info` DISABLE KEYS */;
INSERT INTO `business_info` VALUES (20232001,'DanPel Elegance','123456789','Sta.Mesa, Manila','danpelelegance@gmail.com','09213216547');
/*!40000 ALTER TABLE `business_info` ENABLE KEYS */;
UNLOCK TABLES;

--
-- Table structure for table `invoice`
--

DROP TABLE IF EXISTS `invoice`;
/*!40101 SET @saved_cs_client     = @@character_set_client */;
/*!50503 SET character_set_client = utf8mb4 */;
CREATE TABLE `invoice` (
  `InID` int NOT NULL AUTO_INCREMENT,
  `ScID` int NOT NULL,
  `BuID` int NOT NULL,
  `InStatus` varchar(45) NOT NULL,
  `InAmount` double NOT NULL,
  `InDate` date NOT NULL,
  PRIMARY KEY (`InID`),
  KEY `BuID_idx` (`BuID`)
) ENGINE=InnoDB AUTO_INCREMENT=88800021 DEFAULT CHARSET=utf8mb4 COLLATE=utf8mb4_0900_ai_ci;
/*!40101 SET character_set_client = @saved_cs_client */;

--
-- Dumping data for table `invoice`
--

LOCK TABLES `invoice` WRITE;
/*!40000 ALTER TABLE `invoice` DISABLE KEYS */;
INSERT INTO `invoice` VALUES (1,20000001,20232001,'Paid',500,'2023-02-13'),(2,20000005,20232001,'Paid',1200,'2023-02-13'),(88800001,20000001,20232001,'Paid',8500,'2023-01-29'),(88800002,20000006,20232001,'Unpaid',2500,'2023-04-19'),(88800003,20000001,20232001,'Unpaid',2500,'2023-04-19'),(88800004,20000001,20232001,'Unpaid',2500,'2023-04-19'),(88800005,20000001,20232001,'Unpaid',3000,'2023-04-19'),(88800006,20000001,20232001,'Unpaid',3500,'2023-04-19'),(88800007,20000005,20232001,'Paid',3500,'2023-01-19'),(88800008,20000005,20232001,'Paid',4000,'2023-03-19'),(88800009,20000001,20232001,'Partially Paid',4500,'2023-04-19'),(88800010,20000001,20232001,'Unpaid',5100,'2023-04-19'),(88800011,20000001,20232001,'Paid',6000,'2023-03-19'),(88800012,20000005,20232001,'Paid',6050,'2023-04-19'),(88800013,20000001,20232001,'Paid',3920,'2023-04-19'),(88800014,20000005,20232001,'Unpaid',250000,'2023-05-05'),(88800015,20000005,20232001,'Unpaid',250000,'2023-05-05'),(88800016,20000005,20232001,'Unpaid',250000,'2023-05-05'),(88800017,20000005,20232001,'Unpaid',250000,'2023-05-05'),(88800018,20000005,20232001,'Paid',250000,'2023-05-05'),(88800019,20000001,20232001,'Paid',5000,'2023-05-05'),(88800020,20000006,20232001,'Paid',6000,'2023-05-29');
/*!40000 ALTER TABLE `invoice` ENABLE KEYS */;
UNLOCK TABLES;

--
-- Table structure for table `losses`
--

DROP TABLE IF EXISTS `losses`;
/*!40101 SET @saved_cs_client     = @@character_set_client */;
/*!50503 SET character_set_client = utf8mb4 */;
CREATE TABLE `losses` (
  `LossID` int NOT NULL AUTO_INCREMENT,
  `PrID` int NOT NULL,
  `LossQuantity` int NOT NULL,
  `LossTotalCost` int NOT NULL,
  `LossDate` date NOT NULL,
  PRIMARY KEY (`LossID`)
) ENGINE=InnoDB AUTO_INCREMENT=42100008 DEFAULT CHARSET=utf8mb4 COLLATE=utf8mb4_0900_ai_ci;
/*!40101 SET character_set_client = @saved_cs_client */;

--
-- Dumping data for table `losses`
--

LOCK TABLES `losses` WRITE;
/*!40000 ALTER TABLE `losses` DISABLE KEYS */;
INSERT INTO `losses` VALUES (42100001,10010001,2,20,'2023-01-29'),(42100002,10010001,4,60,'2023-04-20'),(42100003,10010002,10,120,'2023-04-20'),(42100004,10010001,5,75,'2023-04-20'),(42100005,10020006,1,150,'2023-04-21'),(42100006,10020006,1,150,'2023-05-05'),(42100007,10020009,5,1000,'2023-05-29');
/*!40000 ALTER TABLE `losses` ENABLE KEYS */;
UNLOCK TABLES;

--
-- Table structure for table `official_receipt`
--

DROP TABLE IF EXISTS `official_receipt`;
/*!40101 SET @saved_cs_client     = @@character_set_client */;
/*!50503 SET character_set_client = utf8mb4 */;
CREATE TABLE `official_receipt` (
  `OfrID` int NOT NULL AUTO_INCREMENT,
  `InID` varchar(45) NOT NULL,
  `PayID` varchar(45) DEFAULT NULL,
  `BaID` int NOT NULL,
  `OfrNumber` int NOT NULL,
  `OfrTotalAmountDue` int NOT NULL,
  `OfrDate` date NOT NULL,
  PRIMARY KEY (`OfrID`)
) ENGINE=InnoDB AUTO_INCREMENT=80800058 DEFAULT CHARSET=utf8mb4 COLLATE=utf8mb4_0900_ai_ci;
/*!40101 SET character_set_client = @saved_cs_client */;

--
-- Dumping data for table `official_receipt`
--

LOCK TABLES `official_receipt` WRITE;
/*!40000 ALTER TABLE `official_receipt` DISABLE KEYS */;
INSERT INTO `official_receipt` VALUES (80800001,'88800001','12000029',0,1,8500,'2023-01-29'),(80800002,'88800013','0',0,2,500,'2023-04-21'),(80800003,'88800013','12000041',0,3,100,'2023-04-21'),(80800004,'88800013','12000042',0,4,100,'2023-04-21'),(80800005,'88800013','12000043',0,5,100,'2023-04-21'),(80800006,'88800013','12000044',0,6,100,'2023-04-21'),(80800007,'88800013','12000045',0,7,100,'2023-04-21'),(80800008,'88800013','12000046',0,8,100,'2023-04-21'),(80800009,'88800013','12000047',0,9,100,'2023-04-21'),(80800010,'88800013','12000048',0,10,100,'2023-04-21'),(80800011,'88800013','12000049',0,11,100,'2023-04-21'),(80800012,'88800013','12000050',0,12,100,'2023-04-21'),(80800013,'88800013','12000051',0,13,100,'2023-04-21'),(80800014,'88800013','12000052',0,14,100,'2023-04-21'),(80800015,'88800013','12000053',0,15,100,'2023-04-21'),(80800016,'88800013','12000054',0,16,100,'2023-04-21'),(80800017,'88800013','12000055',0,17,100,'2023-04-21'),(80800018,'88800013','12000056',0,18,100,'2023-04-21'),(80800019,'88800013','12000057',0,19,100,'2023-04-21'),(80800020,'88800013','12000058',0,20,100,'2023-04-21'),(80800021,'88800013','12000059',0,21,100,'2023-04-21'),(80800022,'88800013','12000060',0,22,100,'2023-04-21'),(80800023,'88800013','12000061',0,23,100,'2023-04-21'),(80800024,'88800013','12000062',0,24,100,'2023-04-21'),(80800025,'88800013','12000063',0,25,100,'2023-04-21'),(80800026,'88800013','12000064',0,26,100,'2023-04-21'),(80800027,'88800013','12000065',0,27,1120,'2023-04-21'),(80800028,'88800013','12000065',0,28,100,'2023-04-21'),(80800029,'88800013','12000067',0,29,1020,'2023-04-21'),(80800030,'88800013','12000067',0,30,1020,'2023-04-21'),(80800031,'88800013','12000067',0,31,100,'2023-04-21'),(80800032,'88800013','12000070',0,32,100,'2023-04-21'),(80800033,'88800013','12000071',0,33,100,'2023-04-21'),(80800034,'88800013','12000072',0,34,630,'2023-04-21'),(80800035,'88800013','12000072',0,35,630,'2023-04-21'),(80800036,'88800013','12000072',0,36,630,'2023-04-21'),(80800037,'88800013','12000072',0,37,620,'2023-04-21'),(80800038,'88800012','0',0,38,6050,'2023-04-21'),(80800039,'88800011','0',0,39,6000,'2023-04-21'),(80800040,'88800008','0',0,40,2000,'2023-04-21'),(80800041,'88800008','0',0,41,2000,'2023-04-21'),(80800042,'88800008','12000080',0,42,2002,'2023-04-21'),(80800043,'88800008','12000080',0,43,2002,'2023-04-21'),(80800044,'88800008','12000080',0,44,2000,'2023-04-21'),(80800045,'88800007','0',0,45,1000,'2023-04-21'),(80800046,'88800007','12000084',0,46,1000,'2023-04-21'),(80800047,'88800007','12000085',0,47,1500,'2023-04-21'),(80800050,'88800009','12000089',50000017,48,1000,'2023-04-21'),(80800051,'88800018','12000093',50000001,49,250000,'2023-05-05'),(80800052,'88800019','12000094',0,50,5000,'2023-05-05'),(80800053,'88800020','12000120',0,51,3000,'2023-05-29'),(80800054,'88800020','12000120',0,52,1000,'2023-05-29'),(80800055,'88800020','12000122',50000024,53,1000,'2023-05-29'),(80800056,'88800020','12000120',0,54,500,'2023-05-29'),(80800057,'88800020','12000120',0,55,500,'2023-05-29');
/*!40000 ALTER TABLE `official_receipt` ENABLE KEYS */;
UNLOCK TABLES;

--
-- Table structure for table `order_details`
--

DROP TABLE IF EXISTS `order_details`;
/*!40101 SET @saved_cs_client     = @@character_set_client */;
/*!50503 SET character_set_client = utf8mb4 */;
CREATE TABLE `order_details` (
  `OrDetID` int NOT NULL AUTO_INCREMENT,
  `OrNumber` int NOT NULL,
  `PrID` int NOT NULL,
  `OrDetQuantity` int NOT NULL,
  `OrDetCostTotal` int NOT NULL,
  `OrDetPriceTotal` int NOT NULL,
  PRIMARY KEY (`OrDetID`)
) ENGINE=InnoDB AUTO_INCREMENT=13000091 DEFAULT CHARSET=utf8mb4 COLLATE=utf8mb4_0900_ai_ci;
/*!40101 SET character_set_client = @saved_cs_client */;

--
-- Dumping data for table `order_details`
--

LOCK TABLES `order_details` WRITE;
/*!40000 ALTER TABLE `order_details` DISABLE KEYS */;
INSERT INTO `order_details` VALUES (13000025,11000001,10010001,1,10,14),(13000026,11000001,10010002,1,9,12),(13000027,11000001,10010003,1,12,15),(13000028,11000001,10010004,1,7,10),(13000029,11000001,10010005,1,20,25),(13000030,11000002,10010002,1,9,12),(13000031,11000003,10010001,1,10,14),(13000032,11000004,10010004,1,7,10),(13000033,11000005,10010005,1,20,25),(13000034,11000006,10020003,1,800,990),(13000035,11000007,10040001,2,6,10),(13000036,11000008,10010006,1,30,40),(13000037,11000009,10030002,1,1100,1400),(13000038,11000010,10010002,1,9,12),(13000039,11000010,10010006,1,30,40),(13000040,11000010,10030001,2,2200,2800),(13000041,11000011,10010006,2,60,80),(13000042,11000011,10020002,1,800,990),(13000043,11000011,10040001,1,3,5),(13000044,11000012,10010005,1,20,25),(13000045,11000013,10010005,1,20,25),(13000046,11000014,10010005,1,20,25),(13000047,11000015,10010006,3,90,120),(13000052,11000016,10020001,1,800,990),(13000053,11000017,10020003,1,800,990),(13000054,11000018,10020003,1,800,990),(13000055,11000019,10020003,1,800,990),(13000056,11000020,10020003,1,800,990),(13000057,11000021,10020002,2,1600,1980),(13000058,11000022,10020006,1,100,150),(13000059,11000023,10020006,1,100,150),(13000060,11000024,10020006,2,200,300),(13000061,11000024,10020007,1,100,150),(13000062,11000025,10020006,1,100,150),(13000063,11000026,10020006,1,100,150),(13000064,11000026,10020007,1,100,150),(13000065,11000027,10020006,1,100,150),(13000066,11000028,10020006,1,100,150),(13000067,11000029,10020006,1,100,150),(13000068,11000030,10020006,1,100,150),(13000069,11000031,10020006,1,100,150),(13000070,11000032,10020006,1,100,150),(13000071,11000033,10020006,1,100,150),(13000072,11000034,10020006,1,100,150),(13000073,11000035,10020006,1,100,150),(13000074,11000036,10020006,1,100,150),(13000075,11000037,10020006,1,100,150),(13000076,11000038,10020007,1,100,150),(13000077,11000039,10020006,1,100,150),(13000078,11000040,10020006,1,100,150),(13000079,11000041,10020006,1,100,150),(13000080,11000042,10020006,1,100,150),(13000081,11000043,10020006,1,100,150),(13000082,11000044,10020006,1,100,150),(13000083,11000045,10020006,1,100,150),(13000084,11000046,10020007,1,100,150),(13000085,11000047,10020006,1,100,150),(13000086,11000048,10020006,1,100,150),(13000087,11000049,10020006,1,100,150),(13000088,11000049,10020007,1,100,150),(13000089,11000050,10020006,1,100,150),(13000090,11000051,10020006,1,100,150);
/*!40000 ALTER TABLE `order_details` ENABLE KEYS */;
UNLOCK TABLES;

--
-- Table structure for table `orders`
--

DROP TABLE IF EXISTS `orders`;
/*!40101 SET @saved_cs_client     = @@character_set_client */;
/*!50503 SET character_set_client = utf8mb4 */;
CREATE TABLE `orders` (
  `OrID` int NOT NULL,
  `UID` int NOT NULL,
  `PayID` int DEFAULT NULL,
  `OrNumber` int NOT NULL,
  `OrType` varchar(45) NOT NULL,
  `OrGCashReference` varchar(45) DEFAULT NULL,
  `OrLessVAT` double DEFAULT NULL,
  `OrNet_of_VAT` double DEFAULT NULL,
  `OrCostTotal` int DEFAULT NULL,
  `OrTotalAmount` int DEFAULT NULL,
  `OrChange` int DEFAULT NULL,
  `OrDate` date DEFAULT NULL,
  `OrTime` varchar(45) DEFAULT NULL,
  PRIMARY KEY (`OrID`)
) ENGINE=InnoDB DEFAULT CHARSET=utf8mb4 COLLATE=utf8mb4_0900_ai_ci;
/*!40101 SET character_set_client = @saved_cs_client */;

--
-- Dumping data for table `orders`
--

LOCK TABLES `orders` WRITE;
/*!40000 ALTER TABLE `orders` DISABLE KEYS */;
INSERT INTO `orders` VALUES (20230001,90000001,12000015,11000001,'Retail',NULL,8.14,67.86,58,76,24,'2023-01-29','18:16:20'),(20230002,90000001,12000016,11000002,'Retail',NULL,1.29,10.71,9,12,3,'2023-01-29','18:19:05'),(20230003,90000001,12000017,11000003,'Retail',NULL,1.5,12.5,10,14,1,'2023-01-29','18:19:12'),(20230004,90000001,12000018,11000004,'Retail',NULL,1.07,8.93,7,10,10,'2023-01-29','18:19:19'),(20230005,90000001,12000019,11000005,'Retail',NULL,2.68,22.32,20,25,5,'2023-01-29','18:19:28'),(20230006,90000001,12000020,11000006,'Retail',NULL,106.07,883.93,800,990,10,'2023-01-29','18:19:36'),(20230007,90000001,12000021,11000007,'Retail',NULL,1.07,8.93,6,10,10,'2023-01-29','18:19:55'),(20230008,90000001,12000022,11000008,'Retail',NULL,4.29,35.71,30,40,10,'2023-01-29','18:20:06'),(20230009,90000001,12000023,11000009,'Retail',NULL,150,1250,1100,1400,100,'2023-01-29','18:20:14'),(20230010,90000001,12000024,11000010,'Retail',NULL,305.57,2546.43,2239,2852,148,'2023-01-29','18:32:03'),(20230011,90000001,12000025,11000011,'Retail',NULL,115.18,959.82,863,1075,125,'2023-01-29','18:34:57'),(20230012,90000001,12000026,11000012,'Retail',NULL,2.68,22.32,20,25,5,'2023-01-31','16:00:46'),(20230013,0,12000027,11000013,'Retail',NULL,2.68,22.32,20,25,5,'2023-01-31','16:02:49'),(20230014,0,12000028,11000014,'Retail',NULL,2.68,22.32,20,25,5,'2023-02-08','00:00:22'),(20230015,90000001,12000030,11000015,'Retail',NULL,12.86,107.14,90,120,30,'2023-02-14','15:19:10'),(20230016,90000001,12000035,11000016,'Retail','',106.07,883.93,800,990,10,'2023-04-18','14:16:17'),(20230017,0,12000036,11000017,'Retail','123456789',106.07,883.93,800,990,10,'2023-04-20','15:51:35'),(20230018,0,12000037,11000018,'Retail','12345',106.07,883.93,800,990,510,'2023-04-20','15:53:31'),(20230019,0,12000038,11000019,'Retail','12345678',106.07,883.93,800,990,510,'2023-04-20','16:20:27'),(20230020,0,12000039,11000020,'Retail','13245',106.07,883.93,800,990,110,'2023-04-20','16:31:58'),(20230021,0,12000090,11000021,'Retail','N/A',212.14,1767.86,1600,1980,20,'2023-04-21','12:01:45'),(20230022,90000003,12000091,11000022,'Retail','N/A',16.07,133.93,100,150,0,'2023-04-21','13:36:38'),(20230023,90000003,12000092,11000023,'Retail','69696969',16.07,133.93,100,150,0,'2023-04-21','13:37:31'),(20230024,90000001,12000095,11000024,'Retail','N/A',48.21,401.79,300,450,50,'2023-05-28','09:32:17'),(20230025,90000001,12000096,11000025,'Retail','N/A',16.07,133.93,100,150,50,'2023-05-28','09:32:34'),(20230026,90000001,12000097,11000026,'Retail','N/A',32.14,267.86,200,300,50,'2023-05-28','10:09:51'),(20230027,90000001,12000098,11000027,'Retail','N/A',16.07,133.93,100,150,10,'2023-05-28','11:12:24'),(20230028,90000001,12000099,11000028,'Retail','N/A',16.07,133.93,100,150,30,'2023-05-28','11:13:27'),(20230029,90000001,12000100,11000029,'Retail','N/A',16.07,133.93,100,150,50,'2023-05-28','11:18:56'),(20230030,90000001,12000101,11000030,'Retail','N/A',16.07,133.93,100,150,50,'2023-05-28','11:22:28'),(20230031,90000001,12000102,11000031,'Retail','N/A',16.07,133.93,100,150,50,'2023-05-28','11:27:43'),(20230032,90000001,12000103,11000032,'Retail','N/A',16.07,133.93,100,150,50,'2023-05-28','11:35:55'),(20230033,90000001,12000104,11000033,'Retail','1234564564654645',16.07,133.93,100,150,350,'2023-05-28','12:57:49'),(20230034,90000001,12000105,11000034,'Retail','N/A',16.07,133.93,100,150,370,'2023-05-28','12:59:00'),(20230035,90000001,12000106,11000035,'Retail','N/A',16.07,133.93,100,150,250,'2023-05-28','13:01:58'),(20230036,90000001,12000107,11000036,'Retail','N/A',16.07,133.93,100,150,150,'2023-05-28','13:03:52'),(20230037,90000001,12000108,11000037,'Retail','N/A',16.07,133.93,100,150,350,'2023-05-28','13:15:47'),(20230038,90000001,12000109,11000038,'Retail','N/A',16.07,133.93,100,150,350,'2023-05-28','18:38:49'),(20230039,90000001,12000110,11000039,'Retail','N/A',16.07,133.93,100,150,50,'2023-05-28','21:57:01'),(20230040,90000001,12000111,11000040,'Retail','N/A',16.07,133.93,100,150,50,'2023-05-28','23:05:32'),(20230041,90000001,12000112,11000041,'Retail','N/A',16.07,133.93,100,150,350,'2023-05-29','00:00:55'),(20230042,90000001,12000113,11000042,'Retail','N/A',16.07,133.93,100,150,350,'2023-05-29','00:01:13'),(20230043,90000001,12000114,11000043,'Retail','N/A',16.07,133.93,100,150,50,'2023-05-29','00:01:37'),(20230044,90000001,12000115,11000044,'Retail','N/A',16.07,133.93,100,150,350,'2023-05-29','00:05:21'),(20230045,90000001,12000116,11000045,'Retail','N/A',16.07,133.93,100,150,50,'2023-05-29','00:05:35'),(20230046,90000001,12000117,11000046,'Retail','N/A',16.07,133.93,100,150,350,'2023-05-29','00:09:58'),(20230047,90000001,12000118,11000047,'Retail','N/A',16.07,133.93,100,150,350,'2023-05-29','00:21:14'),(20230048,90000001,12000119,11000048,'Retail','1236969',16.07,133.93,100,150,350,'2023-05-29','00:27:30'),(20230049,90000001,12000125,11000049,'Retail','N/A',32.14,267.86,200,300,100,'2023-05-29','02:09:37'),(20230050,90000003,12000126,11000050,'Retail','N/A',16.07,133.93,100,150,50,'2023-05-29','02:33:07'),(20230051,90000003,12000127,11000051,'Retail','123456789',16.07,133.93,100,150,50,'2023-05-29','02:40:04');
/*!40000 ALTER TABLE `orders` ENABLE KEYS */;
UNLOCK TABLES;

--
-- Table structure for table `payment`
--

DROP TABLE IF EXISTS `payment`;
/*!40101 SET @saved_cs_client     = @@character_set_client */;
/*!50503 SET character_set_client = utf8mb4 */;
CREATE TABLE `payment` (
  `PayID` int NOT NULL AUTO_INCREMENT,
  `OrID` int NOT NULL,
  `InID` int DEFAULT NULL,
  `PayDescription` varchar(45) NOT NULL,
  `PayAmount` int DEFAULT NULL,
  `PayDate` date DEFAULT NULL,
  `PayCheckNum` int DEFAULT NULL,
  PRIMARY KEY (`PayID`)
) ENGINE=InnoDB AUTO_INCREMENT=12000128 DEFAULT CHARSET=utf8mb4 COLLATE=utf8mb4_0900_ai_ci;
/*!40101 SET character_set_client = @saved_cs_client */;

--
-- Dumping data for table `payment`
--

LOCK TABLES `payment` WRITE;
/*!40000 ALTER TABLE `payment` DISABLE KEYS */;
INSERT INTO `payment` VALUES (12000015,20230001,0,'Cash',100,'2023-01-29',0),(12000016,20230002,0,'Cash',15,'2023-01-29',0),(12000017,20230003,0,'Cash',15,'2023-01-29',0),(12000018,20230004,0,'Cash',20,'2023-01-29',0),(12000019,20230005,0,'Cash',30,'2023-01-29',0),(12000020,20230006,0,'Cash',1000,'2023-01-29',0),(12000021,20230007,0,'Cash',20,'2023-01-29',0),(12000022,20230008,0,'Cash',50,'2023-01-29',0),(12000023,20230009,0,'Cash',1500,'2023-01-29',0),(12000024,20230010,0,'Cash',3000,'2023-01-29',0),(12000025,20230011,0,'Cash',1200,'2023-01-29',0),(12000026,20230012,0,'Cash',30,'2023-01-31',0),(12000027,20230013,0,'Cash',30,'2023-01-31',0),(12000028,20230014,0,'Cash',30,'2023-02-08',0),(12000029,0,88800001,'Cash',9000,'2023-01-29',NULL),(12000030,20230015,NULL,'Cash',150,'2023-02-14',0),(12000035,20230016,NULL,'Gcash',1000,'2023-04-18',0),(12000036,20230017,NULL,'Gcash',1000,'2023-04-20',0),(12000037,20230018,NULL,'Gcash',1500,'2023-04-20',0),(12000038,20230019,NULL,'Gcash',1500,'2023-04-20',0),(12000039,20230020,NULL,'Gcash',1100,'2023-04-20',0),(12000041,0,88800013,'Cash',500,'2023-04-21',0),(12000042,0,88800013,'Cash',100,'2023-04-21',0),(12000043,0,88800013,'Cash',100,'2023-04-21',0),(12000044,0,88800013,'Cash',100,'2023-04-21',0),(12000045,0,88800013,'Cash',100,'2023-04-21',0),(12000046,0,88800013,'Cash',100,'2023-04-21',0),(12000047,0,88800013,'Cash',100,'2023-04-21',0),(12000048,0,88800013,'Cash',100,'2023-04-21',0),(12000049,0,88800013,'Cash',100,'2023-04-21',0),(12000050,0,88800013,'Cash',100,'2023-04-21',0),(12000051,0,88800013,'Cash',100,'2023-04-21',0),(12000052,0,88800013,'Cash',100,'2023-04-21',0),(12000053,0,88800013,'Cash',100,'2023-04-21',0),(12000054,0,88800013,'Cash',100,'2023-04-21',0),(12000055,0,88800013,'Cash',100,'2023-04-21',0),(12000056,0,88800013,'Cash',100,'2023-04-21',0),(12000057,0,88800013,'Cash',100,'2023-04-21',0),(12000058,0,88800013,'Cash',100,'2023-04-21',0),(12000059,0,88800013,'Cash',100,'2023-04-21',0),(12000060,0,88800013,'Cash',100,'2023-04-21',0),(12000061,0,88800013,'Cash',100,'2023-04-21',0),(12000062,0,88800013,'Cash',100,'2023-04-21',0),(12000063,0,88800013,'Cash',100,'2023-04-21',0),(12000064,0,88800013,'Cash',100,'2023-04-21',0),(12000065,0,88800013,'Cash',100,'2023-04-21',0),(12000067,0,88800013,'Cash',100,'2023-04-21',0),(12000070,0,88800013,'Cash',100,'2023-04-21',0),(12000071,0,88800013,'Cash',100,'2023-04-21',0),(12000072,0,88800013,'Cash',100,'2023-04-21',0),(12000076,0,88800013,'Cash',620,'2023-04-21',0),(12000077,0,88800012,'Cash',6050,'2023-04-21',0),(12000078,0,88800011,'Cash',6000,'2023-04-21',0),(12000080,0,88800008,'Cash',2000,'2023-04-21',0),(12000083,0,88800008,'Cash',2000,'2023-04-21',0),(12000084,0,88800007,'Cash',1000,'2023-04-21',0),(12000085,0,88800007,'Cash',1000,'2023-04-21',0),(12000086,0,88800007,'Cash',1500,'2023-04-21',0),(12000089,0,88800009,'Check',1000,'2023-04-21',0),(12000090,20230021,NULL,'Cash',2000,'2023-04-21',0),(12000091,20230022,NULL,'Cash',150,'2023-04-21',0),(12000092,20230023,NULL,'Gcash',150,'2023-04-21',0),(12000093,0,88800018,'Check',250000,'2023-05-05',0),(12000094,0,88800019,'Cash',5000,'2023-05-05',0),(12000095,20230024,NULL,'Cash',500,'2023-05-28',0),(12000096,20230025,NULL,'Cash',200,'2023-05-28',0),(12000097,20230026,NULL,'Cash',350,'2023-05-28',0),(12000098,20230027,NULL,'Cash',160,'2023-05-28',0),(12000099,20230028,NULL,'Cash',180,'2023-05-28',0),(12000100,20230029,NULL,'Cash',200,'2023-05-28',0),(12000101,20230030,NULL,'Cash',200,'2023-05-28',0),(12000102,20230031,NULL,'Cash',200,'2023-05-28',0),(12000103,20230032,NULL,'Cash',200,'2023-05-28',0),(12000104,20230033,NULL,'Gcash',500,'2023-05-28',0),(12000105,20230034,NULL,'Cash',520,'2023-05-28',0),(12000106,20230035,NULL,'Cash',400,'2023-05-28',0),(12000107,20230036,NULL,'Cash',300,'2023-05-28',0),(12000108,20230037,NULL,'Cash',500,'2023-05-28',0),(12000109,20230038,NULL,'Cash',500,'2023-05-28',0),(12000110,20230039,NULL,'Cash',200,'2023-05-28',0),(12000111,20230040,NULL,'Cash',200,'2023-05-28',0),(12000112,20230041,NULL,'Cash',500,'2023-05-29',0),(12000113,20230042,NULL,'Cash',500,'2023-05-29',0),(12000114,20230043,NULL,'Cash',200,'2023-05-29',0),(12000115,20230044,NULL,'Cash',500,'2023-05-29',0),(12000116,20230045,NULL,'Cash',200,'2023-05-29',0),(12000117,20230046,NULL,'Cash',500,'2023-05-29',0),(12000118,20230047,NULL,'Cash',500,'2023-05-29',0),(12000119,20230048,NULL,'Gcash',500,'2023-05-29',0),(12000120,0,88800020,'Cash',3000,'2023-05-29',0),(12000121,0,88800020,'Cash',1000,'2023-05-29',0),(12000122,0,88800020,'Check',1000,'2023-05-29',0),(12000123,0,88800020,'Cash',500,'2023-05-29',0),(12000124,0,88800020,'Cash',500,'2023-05-29',0),(12000125,20230049,NULL,'Cash',400,'2023-05-29',0),(12000126,20230050,NULL,'Cash',200,'2023-05-29',0),(12000127,20230051,NULL,'Gcash',200,'2023-05-29',0);
/*!40000 ALTER TABLE `payment` ENABLE KEYS */;
UNLOCK TABLES;

--
-- Table structure for table `penalties`
--

DROP TABLE IF EXISTS `penalties`;
/*!40101 SET @saved_cs_client     = @@character_set_client */;
/*!50503 SET character_set_client = utf8mb4 */;
CREATE TABLE `penalties` (
  `PenalID` int NOT NULL AUTO_INCREMENT,
  `PenalDescription` varchar(45) NOT NULL,
  `PenalAmount` int NOT NULL,
  `PenalDate` date NOT NULL,
  PRIMARY KEY (`PenalID`)
) ENGINE=InnoDB AUTO_INCREMENT=42000005 DEFAULT CHARSET=utf8mb4 COLLATE=utf8mb4_0900_ai_ci;
/*!40101 SET character_set_client = @saved_cs_client */;

--
-- Dumping data for table `penalties`
--

LOCK TABLES `penalties` WRITE;
/*!40000 ALTER TABLE `penalties` DISABLE KEYS */;
INSERT INTO `penalties` VALUES (42000001,'Lost Toga from PUP',300,'2023-01-29'),(42000002,'Lost 5 Toga from PUP',500,'2023-04-20'),(42000003,'Lost 3 Toga from PUP',300,'2023-04-21'),(42000004,'Loss from UE',200,'2023-05-29');
/*!40000 ALTER TABLE `penalties` ENABLE KEYS */;
UNLOCK TABLES;

--
-- Table structure for table `product`
--

DROP TABLE IF EXISTS `product`;
/*!40101 SET @saved_cs_client     = @@character_set_client */;
/*!50503 SET character_set_client = utf8mb4 */;
CREATE TABLE `product` (
  `PrID` int NOT NULL,
  `CaID` int NOT NULL,
  `PrBarcode` int NOT NULL,
  `PrName` varchar(45) NOT NULL,
  `PrCost` int NOT NULL,
  `PrUnitPrice` int NOT NULL,
  `PrVAT` double DEFAULT NULL,
  `PrStock` int NOT NULL,
  PRIMARY KEY (`PrID`),
  UNIQUE KEY `PrBarcode_UNIQUE` (`PrBarcode`),
  KEY `CaID_idx` (`CaID`),
  CONSTRAINT `CaID` FOREIGN KEY (`CaID`) REFERENCES `product_category` (`CaID`)
) ENGINE=InnoDB DEFAULT CHARSET=utf8mb4 COLLATE=utf8mb4_0900_ai_ci;
/*!40101 SET character_set_client = @saved_cs_client */;

--
-- Dumping data for table `product`
--

LOCK TABLES `product` WRITE;
/*!40000 ALTER TABLE `product` DISABLE KEYS */;
INSERT INTO `product` VALUES (10010001,1002,555384726,'Mongol Pencil No. 2',100,150,16.07,50),(10010002,1001,293528308,'Mongol Pencil No. 1',9,12,NULL,19),(10010003,1001,538141458,'Mongol Pencil No. 3',12,15,NULL,16),(10010004,1001,715752019,'Panda Ballpen',7,10,NULL,13),(10010006,1001,262531696,'Green Apple Notebook',30,40,NULL,8),(10020001,1002,517130494,'Uniqlo Black T-Shirt (S)',800,990,NULL,18),(10020002,1002,217825594,'Uniqlo Black T-Shirt (M)',800,990,NULL,13),(10020003,1002,589510316,'Uniqlo Black T-Shirt (L)',800,990,NULL,14),(10020004,1002,563282020,'Uniqlo Black T-Shirt (XL)',800,990,NULL,23),(10020005,1002,608764271,'Uniqlo Black T-Shirt (XXL)',800,990,NULL,23),(10020006,1002,123,'Sando',100,150,16.07,45),(10020007,1002,123456789,'Shorts',100,150,16.07,10),(10020008,1002,495808007,'sad',50,70,7.5,15),(10020009,1002,483975694,'Yellow Pad',100,200,21.43,118),(10030001,1003,488493579,'Lego Police Station',1100,1400,NULL,22),(10030002,1003,629708126,'Lego Fire Station',1100,1400,NULL,21),(10030003,1003,648359000,'Lego Construction Set',800,1100,117.86,5),(10040001,1004,230085504,'BYD Care Face Mask ',3,5,NULL,13),(10050001,1005,618349150,'Hammer',60,75,8.04,20),(10100001,1004,733067606,'Lovely',1000,5000,535.71,50);
/*!40000 ALTER TABLE `product` ENABLE KEYS */;
UNLOCK TABLES;

--
-- Table structure for table `product_category`
--

DROP TABLE IF EXISTS `product_category`;
/*!40101 SET @saved_cs_client     = @@character_set_client */;
/*!50503 SET character_set_client = utf8mb4 */;
CREATE TABLE `product_category` (
  `CaID` int NOT NULL AUTO_INCREMENT,
  `CaDescription` varchar(45) NOT NULL,
  PRIMARY KEY (`CaID`),
  UNIQUE KEY `CaDescription_UNIQUE` (`CaDescription`)
) ENGINE=InnoDB AUTO_INCREMENT=1017 DEFAULT CHARSET=utf8mb4 COLLATE=utf8mb4_0900_ai_ci;
/*!40101 SET character_set_client = @saved_cs_client */;

--
-- Dumping data for table `product_category`
--

LOCK TABLES `product_category` WRITE;
/*!40000 ALTER TABLE `product_category` DISABLE KEYS */;
INSERT INTO `product_category` VALUES (1002,'Clothing'),(1004,'Health and Household'),(1010,'House Equipment'),(1006,'Office Products'),(1001,'School Supplies'),(1005,'Tools '),(1003,'Toys');
/*!40000 ALTER TABLE `product_category` ENABLE KEYS */;
UNLOCK TABLES;

--
-- Table structure for table `sales`
--

DROP TABLE IF EXISTS `sales`;
/*!40101 SET @saved_cs_client     = @@character_set_client */;
/*!50503 SET character_set_client = utf8mb4 */;
CREATE TABLE `sales` (
  `SalesID` int NOT NULL AUTO_INCREMENT,
  `SalesGrossIncome` int NOT NULL,
  `SalesTotalRentalGross` int NOT NULL,
  `SalesTotalLoss` int NOT NULL,
  `SalesTotalVAT` double NOT NULL,
  `SalesTotalCost` int NOT NULL,
  `SalesTotalPenalties` int NOT NULL,
  `SalesNetIncome` double NOT NULL,
  `SalesDate` date NOT NULL,
  PRIMARY KEY (`SalesID`)
) ENGINE=InnoDB AUTO_INCREMENT=11100014 DEFAULT CHARSET=utf8mb4 COLLATE=utf8mb4_0900_ai_ci;
/*!40101 SET character_set_client = @saved_cs_client */;

--
-- Dumping data for table `sales`
--

LOCK TABLES `sales` WRITE;
/*!40000 ALTER TABLE `sales` DISABLE KEYS */;
INSERT INTO `sales` VALUES (11100005,6504,8500,20,696.86,5142,300,945.14,'2023-01-29'),(11100006,50,0,0,5.36,40,0,4.64,'2023-01-31'),(11100007,25,0,0,2.68,20,0,2.32,'2023-02-08'),(11100008,120,0,0,12.86,90,0,17.14,'2023-02-14'),(11100009,990,0,0,106.07,800,0,83.93,'2023-04-18'),(11100010,990,0,255,106.07,800,500,328.93,'2023-04-20'),(11100011,1980,35524,150,212.14,1600,300,317.86,'2023-04-21'),(11100012,600,0,0,64.28,400,0,135.72,'2023-05-28'),(11100013,450,0,0,48.21,300,0,101.79,'2023-05-29');
/*!40000 ALTER TABLE `sales` ENABLE KEYS */;
UNLOCK TABLES;

--
-- Table structure for table `school_client`
--

DROP TABLE IF EXISTS `school_client`;
/*!40101 SET @saved_cs_client     = @@character_set_client */;
/*!50503 SET character_set_client = utf8mb4 */;
CREATE TABLE `school_client` (
  `ScID` int NOT NULL AUTO_INCREMENT,
  `ScName` varchar(45) NOT NULL,
  `ScContactName` varchar(45) NOT NULL,
  `ScPhoneNumber` bigint NOT NULL,
  `ScAddress` varchar(45) NOT NULL,
  `ScEmail` varchar(45) NOT NULL,
  `ScTIN` bigint NOT NULL,
  PRIMARY KEY (`ScID`),
  UNIQUE KEY `ScTIN_UNIQUE` (`ScTIN`),
  UNIQUE KEY `ScAddress_UNIQUE` (`ScAddress`),
  UNIQUE KEY `ScPhoneNumber_UNIQUE` (`ScPhoneNumber`),
  UNIQUE KEY `ScName_UNIQUE` (`ScName`)
) ENGINE=InnoDB AUTO_INCREMENT=20000009 DEFAULT CHARSET=utf8mb4 COLLATE=utf8mb4_0900_ai_ci;
/*!40101 SET character_set_client = @saved_cs_client */;

--
-- Dumping data for table `school_client`
--

LOCK TABLES `school_client` WRITE;
/*!40000 ALTER TABLE `school_client` DISABLE KEYS */;
INSERT INTO `school_client` VALUES (20000001,'PUP','Emman',2147483647,'Sta Mesa, Manila','PUP@gmail.com',123456789),(20000005,'FEU','Deiasd',9608453215,'Manilaa','asdf@gasd.com',12345678900000),(20000006,'UE','Emmaan Taapar',9608452143,'Manila','taparremman@gmail.com',123456987);
/*!40000 ALTER TABLE `school_client` ENABLE KEYS */;
UNLOCK TABLES;

--
-- Table structure for table `tape_receipt`
--

DROP TABLE IF EXISTS `tape_receipt`;
/*!40101 SET @saved_cs_client     = @@character_set_client */;
/*!50503 SET character_set_client = utf8mb4 */;
CREATE TABLE `tape_receipt` (
  `TaID` int NOT NULL AUTO_INCREMENT,
  `BuID` int NOT NULL,
  `OrID` int NOT NULL,
  `OrDetID` int NOT NULL,
  PRIMARY KEY (`TaID`)
) ENGINE=InnoDB DEFAULT CHARSET=utf8mb4 COLLATE=utf8mb4_0900_ai_ci;
/*!40101 SET character_set_client = @saved_cs_client */;

--
-- Dumping data for table `tape_receipt`
--

LOCK TABLES `tape_receipt` WRITE;
/*!40000 ALTER TABLE `tape_receipt` DISABLE KEYS */;
/*!40000 ALTER TABLE `tape_receipt` ENABLE KEYS */;
UNLOCK TABLES;

--
-- Table structure for table `toga`
--

DROP TABLE IF EXISTS `toga`;
/*!40101 SET @saved_cs_client     = @@character_set_client */;
/*!50503 SET character_set_client = utf8mb4 */;
CREATE TABLE `toga` (
  `TogaID` int NOT NULL AUTO_INCREMENT,
  `TogaDescription` varchar(45) NOT NULL,
  `TogaStock` int NOT NULL,
  `ScID` int NOT NULL,
  PRIMARY KEY (`TogaID`),
  KEY `ScID` (`ScID`),
  CONSTRAINT `toga_ibfk_1` FOREIGN KEY (`ScID`) REFERENCES `school_client` (`ScID`)
) ENGINE=InnoDB AUTO_INCREMENT=12 DEFAULT CHARSET=utf8mb4 COLLATE=utf8mb4_0900_ai_ci;
/*!40101 SET character_set_client = @saved_cs_client */;

--
-- Dumping data for table `toga`
--

LOCK TABLES `toga` WRITE;
/*!40000 ALTER TABLE `toga` DISABLE KEYS */;
INSERT INTO `toga` VALUES (6,'Toga for IT Students	',310,20000001),(8,'Toga for Engineering Students',25,20000006),(9,'Bachelor Toga for BS Computer Science',100,20000001),(10,'Toga for Nursing',0,20000005);
/*!40000 ALTER TABLE `toga` ENABLE KEYS */;
UNLOCK TABLES;

--
-- Table structure for table `user`
--

DROP TABLE IF EXISTS `user`;
/*!40101 SET @saved_cs_client     = @@character_set_client */;
/*!50503 SET character_set_client = utf8mb4 */;
CREATE TABLE `user` (
  `UID` int NOT NULL AUTO_INCREMENT,
  `UFname` varchar(45) NOT NULL,
  `ULname` varchar(45) NOT NULL,
  `Uname` varchar(45) NOT NULL,
  `Upass` varchar(45) NOT NULL,
  `ULevel` int NOT NULL,
  `UDesignation` varchar(45) NOT NULL,
  `UEmail` varchar(45) NOT NULL,
  `UPhoneNumber` varchar(45) NOT NULL,
  PRIMARY KEY (`UID`),
  UNIQUE KEY `Uname_UNIQUE` (`Uname`),
  UNIQUE KEY `UPhoneNumber_UNIQUE` (`UPhoneNumber`),
  UNIQUE KEY `UEmail_UNIQUE` (`UEmail`)
) ENGINE=InnoDB AUTO_INCREMENT=90000007 DEFAULT CHARSET=utf8mb4 COLLATE=utf8mb4_0900_ai_ci;
/*!40101 SET character_set_client = @saved_cs_client */;

--
-- Dumping data for table `user`
--

LOCK TABLES `user` WRITE;
/*!40000 ALTER TABLE `user` DISABLE KEYS */;
INSERT INTO `user` VALUES (90000001,'Emmanuel','Tapar','slackerr','Daslife@0921',2,'Owner','taparemman@outlook.com','9608453214'),(90000002,'Juan Miguel','Ng','Kibored72','thisisapassword',2,'Owner','clammitty@gmail.com','09497673632'),(90000003,'Deiniel','Tapar','Deiniel123','1234567890',1,'Cashier','deiniel@gmail.com','09213216541'),(90000005,'asdf','asdf','asdfqwer','Daslife@0921',2,'Owner','emman@gmail.com','09214456464'),(90000006,'Lovely','Penalosa','lovelyyy','Lmp030599@bts',2,'Owner','lovelymahalsiemman@gmail.com','09696969696');
/*!40000 ALTER TABLE `user` ENABLE KEYS */;
UNLOCK TABLES;
/*!40103 SET TIME_ZONE=@OLD_TIME_ZONE */;

/*!40101 SET SQL_MODE=@OLD_SQL_MODE */;
/*!40014 SET FOREIGN_KEY_CHECKS=@OLD_FOREIGN_KEY_CHECKS */;
/*!40014 SET UNIQUE_CHECKS=@OLD_UNIQUE_CHECKS */;
/*!40101 SET CHARACTER_SET_CLIENT=@OLD_CHARACTER_SET_CLIENT */;
/*!40101 SET CHARACTER_SET_RESULTS=@OLD_CHARACTER_SET_RESULTS */;
/*!40101 SET COLLATION_CONNECTION=@OLD_COLLATION_CONNECTION */;
/*!40111 SET SQL_NOTES=@OLD_SQL_NOTES */;

-- Dump completed on 2023-05-29 11:26:32
